{
    "sample_ests": {
        "values": {
            "lb": 1.0099651396790497,
            "dE": 2.0259986919912567,
            "a": 0.26582338090785623,
            "b": 1.7446051780474587,
            "c": 0.044837484357940445
        },
        "errors": {
            "lb": 0.0019973058204111683,
            "dE": 0.08976436381909102,
            "a": 0.08994722183438411,
            "b": 0.2553042208928023,
            "c": 0.006089609382919622
        }
    },
    "individual_fits": {
        "values": {
            "lb": 1.0099651386833053,
            "dE": 2.0259987294956656,
            "a": 0.26579609733506093,
            "b": 1.7435497280517502,
            "c": 0.04480731335521877
        },
        "errors": {
            "lb": 0.0019961430177444514,
            "dE": 0.08971067107748007,
            "a": 0.08944483581807376,
            "b": 0.2540521931976541,
            "c": 0.006060154539997449
        }
    },
    "simultaneous_fit": {
        "values": {
            "lb": 1.0098878219958842,
            "dE": 2.029720229793871,
            "a": 0.27067353003918987,
            "b": 1.7323002463667225,
            "c": 0.04462431774499448
        },
        "errors": {
            "lb": 0.0019990285780816107,
            "dE": 0.08982545699863194,
            "a": 0.08413727608233978,
            "b": 0.24797162062736966,
            "c": 0.005789791591390277
        }
    }
}