{
    "sample_ests": {
        "values": {
            "lb": 1.0099679044311562,
            "dE": 2.0258742231868245,
            "a": 0.2662889354045563,
            "b": 1.7435911465103722,
            "c": 0.044802097349077426
        },
        "errors": {
            "lb": 0.001997273174433767,
            "dE": 0.08975739192936272,
            "a": 0.08890221805042307,
            "b": 0.2538506461165899,
            "c": 0.00605982315625558
        }
    },
    "individual_fits": {
        "values": {
            "lb": 1.0099679044378718,
            "dE": 2.0258742228043283,
            "a": 0.2660176097188779,
            "b": 1.7426217453475676,
            "c": 0.044795837715434245
        },
        "errors": {
            "lb": 0.001996282372959124,
            "dE": 0.08971277161785574,
            "a": 0.08965304124933256,
            "b": 0.25582641211705937,
            "c": 0.0061029803637973334
        }
    },
    "simultaneous_fit": {
        "values": {
            "lb": 1.00988457029244,
            "dE": 2.029844591549932,
            "a": 0.270930137674769,
            "b": 1.731730937377957,
            "c": 0.044604342908100086
        },
        "errors": {
            "lb": 0.0019990083771518467,
            "dE": 0.0898262147706727,
            "a": 0.08455133607817589,
            "b": 0.2500639409603428,
            "c": 0.005845555982799757
        }
    }
}